URL,Link
detail.php?pid=11,Abelia x grandifloraGlossy Abelia
detail.php?pid=1,"Abies balsameaBalsam Fir, Balm of Gilead"
detail.php?pid=2,"Abies concolorWhite Fir, Concolor Fir"
detail.php?pid=3,"Abies fraseriFraser Fir, Southern Balsam Fir"
detail.php?pid=10,Abies grandisGiant Fir
detail.php?pid=9,"Abies holophyllaNeedle Fir, Manchurian Fir"
detail.php?pid=8,Abies homolepisNikko Fir
detail.php?pid=4,Abies koreanaKorean Fir
detail.php?pid=5,"Abies nordmannianaNordmann Fir, Caucasian Fir"
detail.php?pid=6,Abies proceraNoble Fir
detail.php?pid=7,Abies veitchiiVeitch Fir
detail.php?pid=28,Acer buergerianumTrident Maple
detail.php?pid=29,"Acer campestreHedge Maple, Field Maple"
detail.php?pid=30,Acer carpinifoliumHornbeam Maple
detail.php?pid=31,Acer cissifoliumIvy-leaved Maple
detail.php?pid=32,Acer davidiiDavid Maple
detail.php?pid=14,Acer ginnalaAmur Maple
detail.php?pid=15,Acer griseumPaperbark Maple
detail.php?pid=16,Acer japonicumFullmoon Maple
detail.php?pid=17,"Acer negundoBoxelder, Ash-leaved Maple"
detail.php?pid=18,Acer nikoenseNikko Maple
detail.php?pid=19,Acer palmatumJapanese Maple
detail.php?pid=20,"Acer pensylvanicumStriped Maple, Snake Bark Maple"
detail.php?pid=21,Acer platanoidesNorway Maple
detail.php?pid=22,"Acer pseudoplatanusPlanetree Maple, Sycamore Maple"
detail.php?pid=13,"Acer rubrumRed Maple, Swamp Maple"
detail.php?pid=23,Acer saccharinumSilver Maple
detail.php?pid=24,Acer saccharumSugar Maple
detail.php?pid=25,Acer tataricumTatarian Maple
detail.php?pid=26,Acer triflorumThree-flower Maple
detail.php?pid=27,"Acer truncatumPurpleblow Maple, Shantung Maple"
detail.php?pid=33,"Actinidia argutaBower Actinidia, Tara Vine"
detail.php?pid=34,Actinidia kolomiktaKolomikta Actinidia
detail.php?pid=36,Aesculus flavaYellow Buckeye
detail.php?pid=35,"Aesculus glabraOhio Buckeye, Fetid Buckeye"
detail.php?pid=37,"Aesculus hippocastanumCommon Horsechestnut, European Horsechestnut"
detail.php?pid=39,Aesculus parvifloraBottlebrush Buckeye
detail.php?pid=40,Aesculus paviaRed Buckeye
detail.php?pid=38,Aesculus x carnea 'Briotii'Red Horsechestnut
detail.php?pid=41,Ailanthus altissimaTree of Heaven
detail.php?pid=42,Akebia quinataFiveleaf Akebia
detail.php?pid=43,"Alnus glutinosaCommon Alder, Black Alder"
detail.php?pid=44,"Amelanchier arboreaDowny Serviceberry, Shadbush"
detail.php?pid=45,"Amelanchier canadensisShadblow Serviceberry, Thicket Serviceberry"
detail.php?pid=46,Amelanchier laevisAllegheny Serviceberry
detail.php?pid=47,Amelanchier stoloniferaRunning Serviceberry
detail.php?pid=48,"Amelanchier x grandifloraApple Serviceberry, Hybrid Serviceberry"
detail.php?pid=49,"Ampelopsis brevipedunculosaPorcelain Berry, Porcelain Ampelopsis"
detail.php?pid=50,"Andromeda polifoliaBog-rosemary, Marsh Andromeda"
detail.php?pid=52,Aralia elataJapanese Angelica-tree
detail.php?pid=51,"Aralia spinosaDevils-walkingstick, Hercules-club"
detail.php?pid=53,"Arctostaphylos uva-ursiBearberry, Kinnikinick"
detail.php?pid=54,Aristolochia macrophylla (durior)Dutchmen's Pipe
detail.php?pid=55,Aronia arbutifoliaRed Chokeberry
detail.php?pid=56,Aronia melanocarpaBlack Chokeberry
detail.php?pid=57,"Asimina trilobaCommon Pawpaw, Custard Apple"
detail.php?pid=59,Berberis candidulaPaleleaf Barberry
detail.php?pid=60,Berberis julianaeWintergreen Barberry
detail.php?pid=61,Berberis koreanaKorean Barberry
detail.php?pid=58,Berberis thunbergiiJapanese Barberry
detail.php?pid=62,Berberis x mentorensisMentor Barberry
detail.php?pid=65,Betula alleghaniensisYellow Birch
detail.php?pid=69,"Betula davuricaDahurian Birch, Asian Black Birch"
detail.php?pid=64,"Betula lentaSweet Birch, Black Birch"
detail.php?pid=70,Betula maximowiczianaMonarch Birch
detail.php?pid=63,Betula nigraRiver Birch
detail.php?pid=66,"Betula papyriferaPaper Birch, White Birch"
detail.php?pid=67,"Betula pendulaEuropean White Birch, Common Birch"
detail.php?pid=71,Betula platyphyllaAsian White Birch
detail.php?pid=68,"Betula populifoliaGray Birch, Old Field Birch"
detail.php?pid=72,Betula utilisWhitebarked Himalayan Birch
detail.php?pid=73,"Buddleia davidiiButterfly Bush, Summer Lilac"
detail.php?pid=74,"Buxus microphyllaLittleleaf Box, Littleleaf Boxwood"
detail.php?pid=75,"Buxus sempervirensCommon Box, Common Boxwood"
detail.php?pid=76,Callicarpa japonicaJapanese Beautyberry
detail.php?pid=77,Calluna vulgarisScotch Heather
detail.php?pid=78,"Calycanthus floridusCommon Sweetshrub, Carolina Allspice"
detail.php?pid=79,"Campsis radicansCommon Trumpetcreeper, Trumpet Vine"
detail.php?pid=80,Caragana arborescensSiberian Peashrub
detail.php?pid=81,Caragana frutexRussian Peashrub
detail.php?pid=82,Caragana pygmaeaChinese Peashrub
detail.php?pid=83,"Carpinus betulusEuropean Hornbeam, Common Hornbeam"
detail.php?pid=84,"Carpinus carolinianaAmerican Hornbeam, Ironwood"
detail.php?pid=85,Carpinus japonicaJapanese Hornbeam
detail.php?pid=86,"Carya cordiformisBitternut Hickory, Swamp Hickory"
detail.php?pid=88,Carya glabraPignut Hickory
detail.php?pid=87,Carya ovataShagbark Hickory
detail.php?pid=89,"Carya tomentosaMockernut Hickory, White Hickory"
detail.php?pid=90,"Caryopteris x clandonensisBlue-mist Shrub, Bluebeard"
detail.php?pid=92,Castanea dentataAmerican Chestnut
detail.php?pid=91,Castanea mollissimaChinese Chestnut
detail.php?pid=93,"Catalpa speciosaNorthern Catalpa, Hardy Catalpa"
detail.php?pid=94,Ceanothus americanusNew Jersey Tea
detail.php?pid=95,Cedrus atlanticaAtlas Cedar
detail.php?pid=97,Celastrus orbiculatusOriental Bittersweet
detail.php?pid=96,Celastrus scandensAmerican Bittersweet
detail.php?pid=99,"Celtis laevigataSugar Hackberry, Sugarberry"
detail.php?pid=98,Celtis occidentalisCommon Hackberry
detail.php?pid=100,"Cephalanthus occidentalisButtonbush, Button-willow"
detail.php?pid=101,Cercidiphyllum japonicumKatsuratree
detail.php?pid=102,Cercidiphyllum magnificumKatsuratree
detail.php?pid=103,Cercis canadensisEastern Redbud
detail.php?pid=105,Chaenomeles japonicaJapanese Floweringquince
detail.php?pid=104,Chaenomeles speciosaCommon Floweringquince
detail.php?pid=107,"Chamaecyparis nootkatensisNootka Falsecypress, Alaska Cedar"
detail.php?pid=106,Chamaecyparis obtusaHinoki Falsecypress
detail.php?pid=108,"Chamaecyparis pisiferaSawara Falsecypress, Japanese Falsecypress"
detail.php?pid=109,"Chamaecyparis thyoidesAtlantic Whitecedar, Whitecedar Falsecypress"
detail.php?pid=111,Chionanthus retususChinese Fringetree
detail.php?pid=110,"Chionanthus virginicusWhite Fringetree, Grancy Gray-beard"
detail.php?pid=112,Cladrastis kentuckeaAmerican Yellowwood
detail.php?pid=115,Clematis hybridsHybrid Clematis
detail.php?pid=113,Clematis ternifloraSweet Autumn Clematis
detail.php?pid=114,Clematis virginianaVirginsbower
detail.php?pid=117,"Clethra alnifoliaSummersweet, Sweet Pepperbush"
detail.php?pid=116,Clethra barbinervisJapanese Clethra
detail.php?pid=118,Comptonia peregrinaSweetfern
detail.php?pid=127,Cornus Rutgers HybridsStellar Series Dogwood
detail.php?pid=121,Cornus albaTatarian Dogwood
detail.php?pid=122,Cornus alternifoliaPagoda Dogwood
detail.php?pid=123,Cornus amomumSilky Dogwood
detail.php?pid=120,"Cornus canadensisBunchberry, Creeping Dogwood"
detail.php?pid=124,Cornus floridaFlowering Dogwood
detail.php?pid=125,Cornus kousaKousa Dogwood
detail.php?pid=119,Cornus masCornelian Cherry Dogwood
detail.php?pid=126,Cornus racemosaGray Dogwood
detail.php?pid=128,Cornus sericeaRedosier Dogwood
detail.php?pid=129,Corylopsis glabrescensFragrant Winterhazel
detail.php?pid=130,Corylopsis paucifloraButtercup Winterhazel
detail.php?pid=557,"Corylus  americanaAmerican Filbert, American Hazel"
detail.php?pid=132,"Corylus avellanaEuropean Filbert, Cobnut"
detail.php?pid=131,"Corylus colurnaTurkish Filbert, Turkish Hazel"
detail.php?pid=133,"Cotinus coggygriaCommon Smoketree, Smokebush"
detail.php?pid=134,"Cotinus obovatusAmerican Smoketree, Chittamwood"
detail.php?pid=142,Cotoneaster acutifoliusPeking Cotoneaster
detail.php?pid=135,Cotoneaster apiculatusCranberry Cotoneaster
detail.php?pid=136,Cotoneaster dammeriBearberry Cotoneaster
detail.php?pid=137,Cotoneaster divaricatusSpreading Cotoneaster
detail.php?pid=138,"Cotoneaster horizontalisRockspray Cotoneaster, Rock Cotoneaster"
detail.php?pid=139,Cotoneaster lucidusHedge Cotoneaster
detail.php?pid=140,Cotoneaster multiflorusMany-flowered Cotoneaster
detail.php?pid=141,Cotoneaster salicifoliusWillowleaf Cotoneaster
detail.php?pid=143,Crataegus crusgalliCockspur Hawthorn
detail.php?pid=144,Crataegus laevigataEnglish Hawthorn
detail.php?pid=146,Crataegus mollisDowny Hawthorn
detail.php?pid=149,Crataegus monogynaSingleseed Hawthorn
detail.php?pid=147,Crataegus phaenopyrumWashington Hawthorn
detail.php?pid=148,Crataegus viridisGreen Hawthorn
detail.php?pid=145,Crataegus x lavalleiLavalle Hawthorn
detail.php?pid=150,"Cryptomeria japonicaJapanese Cryptomeria, Japanese Cedar"
detail.php?pid=151,"Cytisus scopariusScotch Broom, Common Broom"
detail.php?pid=154,Daphne caucasicaCaucasian Daphne
detail.php?pid=152,"Daphne cneorumRose Daphne, Garland Flower"
detail.php?pid=556,"Daphne mezureumFebruary Daphne, Mezereon"
detail.php?pid=153,Daphne x burkwoodiiBurkwood Daphne
detail.php?pid=155,Deutzia gracilisSlender Deutzia
detail.php?pid=156,Deutzia scabraFuzzy Deutzia
detail.php?pid=157,Deutzia x lemoineiLemoine Deutzia
detail.php?pid=158,Diervilla sessilifoliaSouthern Bush-honeysuckle
detail.php?pid=159,Diospyros virginianaCommon Persimmon
detail.php?pid=160,"Dirca palustrisLeatherwood, Wicopy"
detail.php?pid=161,"Elaeagnus angustifoliaRussian Olive, Oleaster"
detail.php?pid=162,"Elaeagnus umbellataAutumn Olive, Autumn Elaeagnus"
detail.php?pid=12,Eleutherococcus (Acanthopanax) sieboldianusFiveleaf Aralia
detail.php?pid=163,Enkianthus campanulatusRedvein Enkianthus
detail.php?pid=164,"Epigaea repensTrailing Arbutus, Mayflower"
detail.php?pid=165,"Erica carneaSpring Heath, Winter Heath"
detail.php?pid=166,Eucommia ulmoidesHardy Rubber Tree
detail.php?pid=167,"Euonymus alatusWinged Euonymus, Burning Bush"
detail.php?pid=169,Euonymus bungeanusWinterberry Euonymus
detail.php?pid=168,"Euonymus europaeusEuropean Euonymus, Common Spindle Tree"
detail.php?pid=170,Euonymus fortuneiWintercreeper Euonymus
detail.php?pid=171,Euonymus kiautschovicusSpreading Euonymus
detail.php?pid=172,Evodia danielliiKorean Evodia
detail.php?pid=173,Exochorda racemosaCommon Pearlbush
detail.php?pid=175,Fagus grandifoliaAmerican Beech
detail.php?pid=174,"Fagus sylvaticaEuropean Beech, Common Beech"
detail.php?pid=180,Forsythia mandschuricaManchurian Forsythia
detail.php?pid=178,Forsythia ovataEarly Forsythia
detail.php?pid=177,Forsythia suspensa var. sieboldiiWeeping Forsythia
detail.php?pid=179,Forsythia viridissima Bronx Greenstem Forsythia
detail.php?pid=176,Forsythia x intermediaBorder Forsythia
detail.php?pid=182,Fothergilla gardeniiDwarf Fothergilla
detail.php?pid=181,Fothergilla majorLarge Fothergilla
detail.php?pid=183,"Franklinia alatamahaFranklinia, Franklin Tree"
detail.php?pid=184,Fraxinus americanaWhite Ash
detail.php?pid=186,"Fraxinus excelsiorCommon Ash, European Ash"
detail.php?pid=187,"Fraxinus ornusFlowering Ash, Manna Ash"
detail.php?pid=185,"Fraxinus pennsylvanicaGreen Ash, Red Ash"
detail.php?pid=188,Fraxinus quadrangulataBlue Ash
detail.php?pid=189,"Gaultheria procumbensCreeping Wintergreen, Checkerberry"
detail.php?pid=190,Gaylussacia brachyceraBox Huckleberry
detail.php?pid=192,Genista pilosaSilkyleaf Woadwaxen
detail.php?pid=191,"Genista tinctoriaCommon Woadwaxen, Dyer's Greenwood"
detail.php?pid=193,"Ginkgo bilobaGinkgo, Maidenhair Tree"
detail.php?pid=194,Gleditsia triacanthosCommon Honeylocust
detail.php?pid=195,Gymnocladus dioicusKentucky Coffeetree
detail.php?pid=197,Halesia carolinaCarolina Silverbell
detail.php?pid=196,Halesia monticolaMountain Silverbell
detail.php?pid=199,Hamamelis mollisChinese Witchhazel
detail.php?pid=201,Hamamelis vernalisVernal Witchhazel
detail.php?pid=200,Hamamelis virginianaCommon Witchhazel
detail.php?pid=198,Hamamelis x intermediaHybrid Witchhazel
detail.php?pid=202,Hedera helixEnglish Ivy
detail.php?pid=203,Heptacodium miconioidesSeven-son Flower
detail.php?pid=204,"Hibiscus syriacusRose-of-sharon, Shrub Althea"
detail.php?pid=205,Hippophae rhamnoidesCommon Seabuckthorn
detail.php?pid=206,Hovenia dulcisJapanese Raisintree
detail.php?pid=209,Hydrangea anomala subsp. petiolarisClimbing Hydrangea
detail.php?pid=210,Hydrangea arborescensSmooth Hydrangea
detail.php?pid=207,Hydrangea macrophyllaBigleaf Hydrangea
detail.php?pid=211,"Hydrangea paniculataPanicle Hydrangea, Peegee Hydrangea"
detail.php?pid=208,Hydrangea quercifoliaOakleaf Hydrangea
detail.php?pid=213,Hypericum densiflorumDense Hypericum
detail.php?pid=214,Hypericum frondosumGolden St. Johnswort
detail.php?pid=212,Hypericum prolificumShrubby St. Johnswort
detail.php?pid=215,Iberis sempervirensCandytuft
detail.php?pid=216,"Ilex crenataJapanese Holly, Box-leaved Holly"
detail.php?pid=217,Ilex deciduaPossumhaw
detail.php?pid=218,Ilex glabraInkberry
detail.php?pid=219,Ilex opacaAmerican Holly
detail.php?pid=220,Ilex pedunculosaLongstalk Holly
detail.php?pid=221,Ilex verticillataCommon Winterberry
detail.php?pid=222,Ilex x meserveaeMeserve Hybrid Holly
detail.php?pid=223,"Itea virginicaVirginia Sweetspire, Virginia-willow"
detail.php?pid=224,Juglans cinereaButternut
detail.php?pid=225,Juglans nigraBlack Walnut
detail.php?pid=226,Juniperus chinensisChinese Juniper
detail.php?pid=227,Juniperus communisCommon Juniper
detail.php?pid=228,Juniperus confertaShore Juniper
detail.php?pid=229,Juniperus horizontalisCreeping Juniper
detail.php?pid=230,Juniperus procumbensJapgarden Juniper
detail.php?pid=235,"Juniperus rigidaNeedle Juniper, Temple Juniper"
detail.php?pid=231,Juniperus sabinaSavin Juniper
detail.php?pid=232,"Juniperus scopulorumRocky Mountain Juniper, Colorado Redcedar"
detail.php?pid=233,"Juniperus squamataSingleseed Juniper, Flaky Juniper"
detail.php?pid=234,Juniperus virginianaEastern Redcedar
detail.php?pid=237,"Kalmia angustifoliaSheep Laurel, Lambkill Laurel"
detail.php?pid=236,Kalmia latifoliaMountain-laurel
detail.php?pid=238,Kalopanax pictusCastor-aralia
detail.php?pid=239,Kerria japonicaJapanese Kerria
detail.php?pid=240,Koelreuteria paniculataGoldenraintree
detail.php?pid=241,Kolkwitzia amabilisBeautybush
detail.php?pid=243,Laburnum alpinumScotch Laburnum
detail.php?pid=244,Laburnum anagyroidesCommon Laburnum
detail.php?pid=242,"Laburnum x watereriWaterer Laburnum, Goldenchain Tree"
detail.php?pid=245,"Larix deciduaEuropean Larch, Common Larch"
detail.php?pid=246,Larix kaempferiJapanese Larch
detail.php?pid=247,"Larix laricinaTamarack, Eastern Larch"
detail.php?pid=248,Ledum groenlandicumLabrador Tea
detail.php?pid=249,Leiophyllum buxifoliumBox Sandmyrtle
detail.php?pid=251,"Leucothoe axillarisCoast Leucothoe, Dog-hobble"
detail.php?pid=250,"Leucothoe fontanesianaDrooping Leucothoe, Fetterbush"
detail.php?pid=252,Leucothoe racemosaSweetbells Leucothoe
detail.php?pid=253,Ligustrum amurenseAmur Privet
detail.php?pid=254,Ligustrum obtusifoliumBorder Privet
detail.php?pid=255,"Ligustrum vulgareEuropean Privet, Common Privet"
detail.php?pid=257,Ligustrum x iboliumIbolium Privet
detail.php?pid=256,"Ligustrum x vicaryiGolden Privet, Golden Vicary Privet"
detail.php?pid=258,Lindera benzoinSpicebush
detail.php?pid=259,Liquidambar styracifluaAmerican Sweetgum
detail.php?pid=260,"Liriodendron tulipiferaTuliptree, Tulip Poplar"
detail.php?pid=261,Lonicera fragrantissimaWinter Honeysuckle
detail.php?pid=262,Lonicera japonicaJapanese Honeysuckle
detail.php?pid=263,Lonicera maackiiAmur Honeysuckle
detail.php?pid=264,Lonicera morrowiiMorrow Honeysuckle
detail.php?pid=266,"Lonicera periclymenumWoodbine Honeysuckle, Woodbine"
detail.php?pid=265,"Lonicera sempervirensTrumpet Honeysuckle, Coral Honeysuckle"
detail.php?pid=267,Lonicera tataricaTatarian Honeysuckle
detail.php?pid=269,"Lonicera x brownii Scarlet Trumpet Honeysuckle, Brown's Honeysuckle"
detail.php?pid=268,Lonicera x heckrottiiGoldflame Honeysuckle
detail.php?pid=270,Lonicera xylosteumEuropean Fly Honeysuckle
detail.php?pid=271,Maackia amurensisAmur Maackia
detail.php?pid=272,"Maclura pomiferaOsage Orange, Hedge Apple"
detail.php?pid=273,Magnolia acuminataCucumbertree Magnolia
detail.php?pid=274,"Magnolia grandifloraSouthern Magnolia, Bull Bay"
detail.php?pid=275,Magnolia kobusKobus Magnolia
detail.php?pid=276,Magnolia liliifloraLily Magnolia
detail.php?pid=277,Magnolia stellataStar Magnolia
detail.php?pid=278,Magnolia tripetalaUmbrella Magnolia
detail.php?pid=279,"Magnolia virginianaSweetbay Magnolia, Swamp Magnolia"
detail.php?pid=280,Magnolia x loebneriLoebner Magnolia
detail.php?pid=281,Magnolia x soulangianaSaucer Magnolia
detail.php?pid=282,"Mahonia aquifoliumOregon Grapeholly, Oregon Hollygrape"
detail.php?pid=283,Mahonia japonicaJapanese Mahonia
detail.php?pid=284,Malus floribundaJapanese Flowering Crabapple
detail.php?pid=285,Malus hupehensisTea Crabapple
detail.php?pid=286,Malus hybridsHybrid Crabapple
detail.php?pid=288,Malus sargentiiSargent Crabapple
detail.php?pid=287,Malus x zumiFlowering Crabapple
detail.php?pid=289,Metasequoia glyptostroboidesDawn Redwood
detail.php?pid=290,Microbiota decussataRussian Arborvitae
detail.php?pid=291,"Morus albaWhite Mulberry, Common Mulberry"
detail.php?pid=293,Myrica galeSweetgale
detail.php?pid=292,"Myrica pensylvanicaNorthern Bayberry, Candleberry"
detail.php?pid=294,"Neviusia alabamensisAlabama Snow-wreath, Snow-wreath"
detail.php?pid=569,New PlantNew Plant
detail.php?pid=295,"Nyssa sylvaticaBlack Tupelo, Black Gum"
detail.php?pid=296,"Ostrya virginianaAmerican Hophornbeam, Ironwood"
detail.php?pid=297,"Oxydendrum arboreumSourwood, Sorrel Tree"
detail.php?pid=299,"Pachysandra procumbensAllegheny Pachysandra, Allegheny Spurge"
detail.php?pid=298,"Pachysandra terminalisJapanese Pachysandra, Spurge"
detail.php?pid=300,"Parrotia persicaPersian Parrotia, Ironwood"
detail.php?pid=301,"Parthenocissus quinquefoliaVirginia Creeper, Woodbine"
detail.php?pid=302,"Parthenocissus tricuspidataBoston Ivy, Japanese Creeper"
detail.php?pid=303,"Paulownia tomentosaRoyal Paulownia, Empress Tree"
detail.php?pid=304,"Paxistima canbyiCanby Paxistima, Rat-stripper"
detail.php?pid=305,Phellodendron amurenseAmur Corktree
detail.php?pid=306,Philadephus coronariusSweet Mockorange
detail.php?pid=307,Photinia villosaOriental Photinia
detail.php?pid=308,"Physocarpus opulifoliusCommon Ninebark, Eastern Ninebark"
detail.php?pid=309,Picea abiesNorway Spruce
detail.php?pid=311,Picea engelmanniiEngelmann Spruce
detail.php?pid=310,Picea glaucaWhite Spruce
detail.php?pid=313,Picea marianaBlack Spruce
detail.php?pid=312,Picea omorikaSerbian Spruce
detail.php?pid=314,Picea orientalisOriental Spruce
detail.php?pid=315,Picea pungensColorado Spruce
detail.php?pid=316,Picea rubensRed Spruce
detail.php?pid=317,"Pieris floribundaMountain Pieris, Fetter Bush"
detail.php?pid=318,"Pieris japonicaJapanese Pieris, Andromeda"
detail.php?pid=324,Pinus albicaulisWhite Bark Pine
detail.php?pid=319,"Pinus aristataBristlecone Pine, Hickory Pine"
detail.php?pid=320,Pinus bungeanaLacebark Pine
detail.php?pid=321,Pinus cembraSwiss Stone Pine
detail.php?pid=322,Pinus densifloraJapanese Red Pine
detail.php?pid=323,Pinus flexilisLimber Pine
detail.php?pid=325,Pinus koraiensisKorean Pine
detail.php?pid=326,"Pinus mugoSwiss Mountain Pine, Mugo Pine"
detail.php?pid=327,Pinus nigraAustrian Pine
detail.php?pid=328,Pinus parvifloraJapanese White Pine
detail.php?pid=329,"Pinus ponderosaPonderosa Pine, Western Yellow Pine"
detail.php?pid=330,Pinus resinosaRed Pine
detail.php?pid=331,"Pinus rigidaPitch Pine, Northern Pitch Pine"
detail.php?pid=332,Pinus strobusEastern White Pine
detail.php?pid=333,Pinus sylvestrisScotch Pine
detail.php?pid=334,"Pinus virginianaVirginia Pine, Scrub Pine"
detail.php?pid=336,"Platanus occidentalisSycamore, American Planetree"
detail.php?pid=335,Platanus x acerifoliaLondon Planetree
detail.php?pid=337,Platycladus orientalisOriental Arborvitae
detail.php?pid=338,"Polygonum aubertiiSilver Lace Vine, Silvervine Fleeceflower"
detail.php?pid=339,"Poncirus trifoliataTrifoliate Orange, Hardy Orange"
detail.php?pid=340,"Populus albaWhite Poplar, Silver-leaved Poplar"
detail.php?pid=342,"Populus deltoidesEastern Cottonwood, Eastern Poplar"
detail.php?pid=343,Populus grandidentataBigtooth Aspen
detail.php?pid=341,"Populus nigraLombardy Black Poplar, Italian Poplar"
detail.php?pid=345,Populus simoniiSimon Poplar
detail.php?pid=344,Populus tremuloidesQuaking Aspen
detail.php?pid=346,Potentilla fruticosaBush Cinquefoil
detail.php?pid=347,Prinsepia sinensisCherry Prinsepia
detail.php?pid=348,Prunus americanaAmerican Plum
detail.php?pid=357,"Prunus aviumMazzard, Sweet Cherry"
detail.php?pid=349,"Prunus cerasifera Thundercloud Plum, Myrobalan Plum"
detail.php?pid=350,Prunus glandulosaDwarf Flowering Almond
detail.php?pid=352,"Prunus laurocerasus 'Schipkaensis'Schip Laurel, Cherrylaurel"
detail.php?pid=353,"Prunus maackiiAmur Chokecherry, Manchurian Cherry"
detail.php?pid=354,Prunus maritimaBeach Plum
detail.php?pid=355,"Prunus nigraCanada Plum, Canadian Plum"
detail.php?pid=356,"Prunus pensylvanicaPin Cherry, Wild Red Cherry"
detail.php?pid=359,Prunus sargentiiSargent Cherry
detail.php?pid=360,Prunus serotinaBlack Cherry
detail.php?pid=361,Prunus serrulaPaperbark Cherry
detail.php?pid=362,Prunus serrulataKwanzan Flowering Cherry
detail.php?pid=363,Prunus subhirtella 'Pendula'Higan Cherry
detail.php?pid=365,"Prunus triloba var. multiplexDouble Flowering Plum, Flowering Almond"
detail.php?pid=366,Prunus virginianaSchubert Common Chokecherry
detail.php?pid=351,Prunus x cistenaPurpleleaf Sand Cherry
detail.php?pid=358,Prunus x incamOkame Flowering Cherry
detail.php?pid=364,Prunus x yedoensisYoshino Cherry
detail.php?pid=367,Pseudocydonia sinensisChinese Quince
detail.php?pid=368,Pseudolarix amabilis (kaempferi)Golden Larch
detail.php?pid=369,Pseudotsuga menziesiiDouglasfir
detail.php?pid=370,"Ptelea trifoliataHoptree, Water-ash"
detail.php?pid=371,Pterostyrax hispidaFragrant Epaulettetree
detail.php?pid=372,Pyracantha coccineaScarlet Firethorn
detail.php?pid=373,Pyrus calleryanaCallery Pear
detail.php?pid=374,Pyrus communisCommon Pear
detail.php?pid=375,Pyrus salicifolia 'Silver Frost'Weeping Willowleaf Pear
detail.php?pid=380,Quercus acutissimaSawtooth Oak
detail.php?pid=377,Quercus albaWhite Oak
detail.php?pid=381,Quercus bicolorSwamp White Oak
detail.php?pid=384,Quercus coccineaScarlet Oak
detail.php?pid=390,"Quercus illicifoliaBear Oak, Scrub Oak"
detail.php?pid=382,"Quercus imbricariaShingle Oak, Laurel Oak"
detail.php?pid=383,"Quercus macrocarpaBur Oak, Mossycup Oak"
detail.php?pid=389,"Quercus muehlenbergiiChinkapin Oak, Yellow Chestnut Oak"
detail.php?pid=376,"Quercus palustrisPin Oak, Swamp Oak"
detail.php?pid=385,Quercus phellosWillow Oak
detail.php?pid=386,"Quercus prinusChestnut Oak, Basket Oak"
detail.php?pid=379,Quercus roburEnglish Oak
detail.php?pid=378,"Quercus rubraRed Oak, Northern Red Oak"
detail.php?pid=388,Quercus shumardiiShumard Oak
detail.php?pid=387,Quercus velutinaBlack Oak
detail.php?pid=391,"Rhamnus catharticaCommon Buckthorn, European Buckthorn"
detail.php?pid=392,"Rhamnus frangulaGlossy Buckthorn, Alder Buckthorn"
detail.php?pid=413,Rhododendron 'Boule de Neige'Boule de Neige Rhododendron
detail.php?pid=425,Rhododendron 'Exbury hybrids'Exbury Hybrid Azalea
detail.php?pid=409,Rhododendron 'PJM Hybrids'PJM Hybrid Rhododendron
detail.php?pid=410,Rhododendron arborescensSweet Azalea
detail.php?pid=411,Rhododendron atlanticumCoast Azalea
detail.php?pid=412,Rhododendron bakeriCumberland Azalea
detail.php?pid=393,Rhododendron calendulaceumFlame Azalea
detail.php?pid=394,Rhododendron canadenseRhodora
detail.php?pid=395,Rhododendron carolinianumCarolina Rhododendron
detail.php?pid=396,Rhododendron catawbienseCatawba Rhododendron
detail.php?pid=397,Rhododendron dauricumDahurian Rhododendron
detail.php?pid=418,Rhododendron fortuneiFortune's Rhododendron
detail.php?pid=414,Rhododendron hybrids (deciduous azaleas)Deciduous Azalea
detail.php?pid=415,Rhododendron hybrids (evergreen azaleas)Evergreen Azalea
detail.php?pid=416,Rhododendron hybrids (evergreen large leaf)Large Leaf Rhododendron
detail.php?pid=417,Rhododendron hybrids (evergreen small leaf)Small Leaf Rhododendron
detail.php?pid=422,Rhododendron japonicumJapanese Azalea
detail.php?pid=398,Rhododendron keiskeiKeisk Rhododendron
detail.php?pid=423,Rhododendron luteumPontic Azalea
detail.php?pid=399,Rhododendron maximumRosebay Rhododendron
detail.php?pid=420,Rhododendron metternichiiMetternich Rhododendron
detail.php?pid=400,Rhododendron mucronulatumKorean Rhododendron
detail.php?pid=424,Rhododendron obtusumHiryu Azalea
detail.php?pid=408,Rhododendron periclymenoidesPinxterbloom Azalea
detail.php?pid=421,Rhododendron prinophyllumRoseshell Azalea
detail.php?pid=406,Rhododendron prunifoliumPlumleaf Azalea
detail.php?pid=407,Rhododendron schlippenbachiiRoyal Azalea
detail.php?pid=419,Rhododendron smirnowiiSmirnow Rhododendron
detail.php?pid=405,Rhododendron vaseyiPinkshell Azalea
detail.php?pid=404,Rhododendron viscosumSwamp Azalea
detail.php?pid=401,Rhododendron x laetevirensWilson Rhododendron
detail.php?pid=402,"Rhododendron yakusimanumYaku Rhododendron, Yak Rhododendron"
detail.php?pid=403,Rhododendron yedoense poukhanenseKorean Azalea
detail.php?pid=426,Rhodotypos scandensBlack Jetbead
detail.php?pid=427,Rhus aromaticaFragrant Sumac
detail.php?pid=429,"Rhus copallinaFlameleaf Sumac, Shining Sumac"
detail.php?pid=430,Rhus glabraSmooth Sumac
detail.php?pid=431,Rhus radicansPoison Ivy
detail.php?pid=428,Rhus typhinaStaghorn Sumac
detail.php?pid=432,Ribes alpinumAlpine Currant
detail.php?pid=433,"Ribes odoratumClove Currant, Buffalo Currant"
detail.php?pid=435,"Robinia hispidaBristly Locust, Roseacacia Locust"
detail.php?pid=434,"Robinia pseudoacaciaBlack Locust, Common Locust"
detail.php?pid=437,Rosa glaucaRedleaf Rose
detail.php?pid=438,Rosa hugonisFather Hugo Rose
detail.php?pid=442,Rosa hybridsHybrid Rose
detail.php?pid=439,Rosa moyesiiMoye's Rose
detail.php?pid=436,"Rosa multifloraJapanese Rose, Multiflora Rose"
detail.php?pid=441,"Rosa rugosaRugosa Rose, Saltspray Rose"
detail.php?pid=440,Rosa virginianaVirginia Rose
detail.php?pid=443,Salix albaWhite Willow
detail.php?pid=445,"Salix capreaGoat Willow, Pussy Willow"
detail.php?pid=450,Salix discolorTrue Pussy Willow
detail.php?pid=451,"Salix hastataPussy Willow, Coyote Willow"
detail.php?pid=449,Salix matsudana Dragon's Claw Willow
detail.php?pid=446,Salix melanostachysBlack Pussy Willow
detail.php?pid=447,"Salix purpureaPurpleosier Willow, Basket Willow"
detail.php?pid=448,Salix sachalinensis 'Sekka'Japanese Fantail Willow
detail.php?pid=444,Salix x blandaWisconsin Weeping Willow
detail.php?pid=452,Sambucus canadensisAmerican Elder
detail.php?pid=453,Sambucus racemosaEuropean Red Elder
detail.php?pid=454,Sassafras albidumCommon Sassafras
detail.php?pid=455,Schizophragma hydrangeoidesJapanese Hydrangea-vine
detail.php?pid=456,"Sciadopitys verticillataUmbrella Pine, Japanese Umbrella Pine"
detail.php?pid=458,Shepherdia argenteaSilver Buffaloberry
detail.php?pid=457,Shepherdia canadensisRusset Buffaloberry
detail.php?pid=459,"Sophora (Styphnolobium) japonicaJapanese Pagodatree, Scholar Tree"
detail.php?pid=460,Sorbaria sorbifoliaUral Falsespirea
detail.php?pid=461,Sorbus alnifoliaKorean Mountainash
detail.php?pid=463,Sorbus americanaAmerican Mountainash
detail.php?pid=462,"Sorbus aucupariaEuropean Mountainash, Common Mountainash"
detail.php?pid=465,Spiraea japonicaJapanese Spirea
detail.php?pid=466,"Spiraea nipponica Snowmound Nippon Spirea, Snowmound Spirea"
detail.php?pid=467,Spiraea prunifoliaBridalwreath Spirea
detail.php?pid=468,Spiraea thunbergiiThunberg Spirea
detail.php?pid=471,Spiraea x argutaGarland Spirea
detail.php?pid=464,Spiraea x bumaldaBumald Spirea
detail.php?pid=470,Spiraea x cinereaSpirea
detail.php?pid=469,Spiraea x vanhoutteiVanhoutte Spirea
detail.php?pid=473,Staphylea bumaldaBumald Bladdernut
detail.php?pid=472,Staphylea trifoliaAmerican Bladdernut
detail.php?pid=474,Stephandra incisaCutleaf Stephandra
detail.php?pid=475,Stewartia koreanaKorean Stewartia
detail.php?pid=477,Stewartia ovataMountain Stewartia
detail.php?pid=476,Stewartia pseudocamelliaJapanese Stewartia
detail.php?pid=480,Styrax americanusAmerican Snowbell
detail.php?pid=478,Styrax japonicusJapanese Snowbell
detail.php?pid=479,Styrax obassiaFragrant Snowbell
detail.php?pid=481,Symphoricarpos albusCommon Snowberry
detail.php?pid=482,"Symphoricarpos orbiculatusIndiancurrant Coralberry, Buckbrush"
detail.php?pid=483,"Symplocos paniculataSapphireberry, Asiatic Sweetleaf"
detail.php?pid=484,Syringa laciniataCutleaf Lilac
detail.php?pid=486,Syringa meyeriMeyer Lilac
detail.php?pid=492,Syringa microphyllaLittleleaf Lilac
detail.php?pid=485,Syringa oblataEarly Lilac
detail.php?pid=487,Syringa patula 'Miss Kim'Miss Kim Manchurian Lilac
detail.php?pid=488,Syringa reticulataJapanese Tree Lilac
detail.php?pid=489,Syringa villosaLate Lilac
detail.php?pid=491,Syringa vulgarisCommon Lilac
detail.php?pid=490,"Syringa x chinensisChinese Lilac, Rouen Lilac"
detail.php?pid=493,Tamarix parvifloraSmall-flowered Tamarix
detail.php?pid=495,"Taxodium ascendensPondcypress, Pond Baldcypress"
detail.php?pid=494,Taxodium distichumCommon Baldcypress
detail.php?pid=498,Taxus baccataRepandens English Yew
detail.php?pid=499,Taxus canadensisCanadian Yew
detail.php?pid=497,Taxus cuspidataJapanese Yew
detail.php?pid=496,Taxus x mediaAnglojap Yew
detail.php?pid=500,"Thuja occidentalisEastern Arborvitae, American Arborvitae"
detail.php?pid=501,"Thuja plicataGiant Arborvitae, Western Arborvitae"
detail.php?pid=502,"Thujopsis dolobrataHiba Arborvitae, False Arborvitae"
detail.php?pid=503,"Thymus serpyllumMother of Thyme, Wild Thyme"
detail.php?pid=504,"Tilia americanaAmerican Linden, Basswood"
detail.php?pid=505,"Tilia cordataLittleleaf Linden, Small-leaved Lime"
detail.php?pid=506,Tilia platyphyllosBigleaf Linden
detail.php?pid=507,Tilia tomentosaSilver Linden
detail.php?pid=508,"Tilia x euchloraCrimean Linden, Caucasian Linden"
detail.php?pid=509,"Tilia x europaeaCommon Linden, European Linden"
detail.php?pid=510,"Tsuga canadensisCanadian Hemlock, Eastern Hemlock"
detail.php?pid=511,Tsuga carolinianaCarolina Hemlock
detail.php?pid=512,"Ulmus americanaAmerican Elm, White Elm"
detail.php?pid=513,Ulmus carpinifoliaSmoothleaf Elm
detail.php?pid=514,Ulmus glabra 'Camperdownii'Camperdown Elm
detail.php?pid=515,"Ulmus parvifoliaLacebark Elm, Chinese Elm"
detail.php?pid=516,Ulmus pumilaSiberian Elm
detail.php?pid=518,Vaccinium angustifoliumLowbush Blueberry
detail.php?pid=517,Vaccinium corymbosumHighbush Blueberry
detail.php?pid=519,"Vaccinium macrocarponAmerican Cranberry, Large Cranberry"
detail.php?pid=520,"Vaccinium vitis-idaeaLingonberry, Cowberry"
detail.php?pid=522,"Viburnum acerifoliumMapleleaf Viburnum, Dogmackie"
detail.php?pid=543,Viburnum alnifoliumHobblebush
detail.php?pid=521,Viburnum carlesiiKoreanspice Viburnum
detail.php?pid=523,Viburnum cassinoidesWitherod Viburnum
detail.php?pid=524,Viburnum dentatumArrowwood Viburnum
detail.php?pid=525,Viburnum dilatatumLinden Viburnum
detail.php?pid=526,Viburnum farreriFragrant Viburnum
detail.php?pid=528,Viburnum lantanaWayfaringtree Viburnum
detail.php?pid=529,"Viburnum lentagoNannyberry Viburnum, Sheepberry"
detail.php?pid=530,Viburnum opulusEuropean Cranberrybush Viburnum
detail.php?pid=531,Viburnum plicatum var. tomentosumDoublefile Viburnum
detail.php?pid=532,Viburnum prunifoliumBlackhaw Viburnum
detail.php?pid=534,Viburnum rhytidophyllumLeatherleaf Viburnum
detail.php?pid=536,Viburnum sargentiiSargent Viburnum
detail.php?pid=537,Viburnum setigerumTea Viburnum
detail.php?pid=538,Viburnum sieboldiiSiebold Viburnum
detail.php?pid=539,"Viburnum trilobumAmerican Cranberrybush Viburnum, American Cranberrybush"
detail.php?pid=527,Viburnum wrightiiWright Viburnum
detail.php?pid=542,Viburnum x burkwoodiiBurkwood Viburnum
detail.php?pid=541,"Viburnum x carlcephalumFragrant Viburnum, Carlcephalum Viburnum"
detail.php?pid=540,Viburnum x juddiiJudd Viburnum
detail.php?pid=535,Viburnum x pragensePrague Viburnum
detail.php?pid=533,Viburnum x rhytidophylloidesLantanaphyllum Viburnum
detail.php?pid=544,"Vinca minorCommon Periwinkle, Myrtle"
detail.php?pid=547,Weigela 'Carnival'Carnival Weigela
detail.php?pid=545,Weigela floridaOld Fashioned Weigela
detail.php?pid=546,Weigela middendorffianaMiddendorf Weigela
detail.php?pid=548,Wisteria floribundaJapanese Wisteria
detail.php?pid=549,Wisteria sinensisChinese Wisteria
detail.php?pid=550,Xanthoceras sorbifoliumYellowhorn
detail.php?pid=551,Xanthorhiza simplicissimaYellowroot
detail.php?pid=552,"Yucca sp.Yucca, Adam's Needle"
detail.php?pid=553,"Zanthoxylum americanumPrickly-ash, Toothache Tree"
detail.php?pid=554,Zelkova serrataJapanese Zelkova
detail.php?pid=555,Zenobia pulverentaDusty Zenobia